id,empId,empName,payMonth,payYear,timestamp,paidDays,lwp,basic,attendance,performance,festivalBonus,dq,otherDed,groupInsurance,lwpDeduction,gross,ded,net,remarks,store,deputedAt,deduction_ratio,performance_ratio,prev_net,net_salary_change_pct,days_in_month,lwp_ratio,anomaly_classification,anomaly_score,anomaly_reason
slip_202609_012,EMP0020802,BASAVARAJ LAKSHMAPPA TALAWAR,9,2026,2026-09-28T10:00:00Z,30,0,18300,100.0,1350,0,0,0,150,0.0,19650,150.0,19500.0,,Hubli- Keshwapur,Hubli- Keshwapur,0.007633587786259542,0.07377049180327869,16950.0,0.1504424778761062,30,0.0,Normal,-0.13148628088626257,
slip_202609_013,EMP0023265,MAHESH N CHITTUMBAL,9,2026,2026-09-28T10:00:00Z,28,2,17800,93.33,1450,0,0,200,150,1186.67,19250,1536.67,17713.33,,Hubli- Keshwapur,Hubli- Keshwapur,0.07982701298701299,0.08146067415730338,18800.0,-0.05780159574468076,30,0.06666666666666667,Normal,-0.11664068230185431,
slip_202609_003,EMP0024877,PRAKASH BADAPPANAVAR,9,2026,2026-09-28T10:00:00Z,30,0,17800,100.0,1300,0,0,0,150,0.0,19100,150.0,18950.0,,Hubli- Keshwapur,Hubli- Keshwapur,0.007853403141361256,0.07303370786516854,19050.0,-0.005249343832020997,30,0.0,Normal,-0.15283776466236654,
slip_202609_005,EMP0052397,RUDRAYYA GANGAYYA CHARANTIMATH,9,2026,2026-09-28T10:00:00Z,28,2,17300,93.33,1250,0,0,300,150,1153.33,18550,1603.33,16946.67,,Hubli- Keshwapur,Hubli- Keshwapur,0.08643288409703503,0.07225433526011561,18400.0,-0.07898532608695662,30,0.06666666666666667,Normal,-0.09654992066093032,
slip_202609_006,EMP0079175,NAVEEN HAJARE,9,2026,2026-09-28T10:00:00Z,30,0,18300,100.0,1600,0,0,0,150,0.0,19900,150.0,19750.0,,Hubli- Keshwapur,Hubli- Keshwapur,0.007537688442211055,0.08743169398907104,18222.58,0.08382018353054277,30,0.0,Normal,-0.13982324902269638,
slip_202609_016,EMP0177461,JAYIDALI NADAF,9,2026,2026-09-28T10:00:00Z,30,0,18300,100.0,1300,0,0,0,150,0.0,19600,150.0,19450.0,,Hubli- Keshwapur,Hubli- Keshwapur,0.007653061224489796,0.07103825136612021,19500.0,-0.002564102564102564,30,0.0,Normal,-0.13591001350084875,
slip_202609_004,EMP0185210,BASAVARAJ CHIGARI,9,2026,2026-09-28T10:00:00Z,30,0,12400,100.0,1000,0,0,300,150,0.0,13400,450.0,12950.0,,Hubli- Keshwapur,Hubli- Keshwapur,0.033582089552238806,0.08064516129032258,11850.0,0.09282700421940929,30,0.0,Normal,-0.10352885657985489,
slip_202609_007,EMP0189971,VINAYAK HAJARE,9,2026,2026-09-28T10:00:00Z,30,0,7100,100.0,550,0,0,200,150,0.0,7650,350.0,7300.0,,Hubli- Keshwapur,Hubli- Keshwapur,0.0457516339869281,0.07746478873239436,7070.97,0.03239018126225959,30,0.0,Normal,-0.12660789569067143,
slip_202609_020,EMP0268853,SACHIN ANAND LAMANI,9,2026,2026-09-28T10:00:00Z,28,2,18800,93.33,1300,0,0,2500,150,1253.33,20100,3903.33,16196.67,Additional deduction applied,Hubli- Keshwapur,Hubli- Keshwapur,0.1941955223880597,0.06914893617021277,18030.65,-0.10171458045051072,30,0.06666666666666667,Anomaly,0.06986602251754714,Unusual multidimensional pattern detected by Isolation Forest
slip_202609_010,EMP0337805,FRANCIS JOKIM ZALAKI,9,2026,2026-09-28T10:00:00Z,27,3,17800,90.0,1200,0,0,0,150,1780.0,19000,1930.0,17070.0,,Hubli- Keshwapur,Hubli- Keshwapur,0.10157894736842105,0.06741573033707865,18600.0,-0.08225806451612903,30,0.1,Normal,-0.045653752642798695,
slip_202609_011,EMP0366290,SAIF DADAPEER H,9,2026,2026-09-28T10:00:00Z,28,2,7900,93.33,550,0,0,300,150,526.67,8450,976.67,7473.33,,Hubli- Keshwapur,Hubli- Keshwapur,0.11558224852071006,0.06962025316455696,7843.55,-0.04720056607021059,30,0.06666666666666667,Normal,-0.0517420152074487,
slip_202609_008,EMP0394107,SURAJ KUMAR,9,2026,2026-09-28T10:00:00Z,30,0,7350,100.0,600,0,0,200,150,0.0,7950,350.0,7600.0,,Hubli- Keshwapur,Hubli- Keshwapur,0.0440251572327044,0.08163265306122448,7600.0,0.0,30,0.0,Normal,-0.12525360788054302,
slip_202609_014,EMP0434735,KALMESHWARAYYA SHIDDAYYA HIREMATH,9,2026,2026-09-28T10:00:00Z,27,3,18300,90.0,1550,0,0,300,150,1830.0,19850,2280.0,17570.0,,Hubli- Keshwapur,Hubli- Keshwapur,0.11486146095717883,0.08469945355191257,18761.29,-0.06349723286618356,30,0.1,Normal,-0.032614874369694125,
slip_202609_001,EMP0670267,P TYSON,9,2026,2026-09-28T10:00:00Z,27,3,17300,90.0,1150,0,0,100,150,1730.0,18450,1980.0,16470.0,,Hubli- Keshwapur,Hubli- Keshwapur,0.1073170731707317,0.06647398843930635,17493.55,-0.05851013659320146,30,0.1,Normal,-0.032880130100465754,
slip_202609_018,EMP0909154,DEVARAJ,9,2026,2026-09-28T10:00:00Z,30,0,14750,100.0,1100,0,0,300,150,0.0,15850,450.0,15400.0,,Hubli- Keshwapur,Hubli- Keshwapur,0.028391167192429023,0.07457627118644068,14851.61,0.036924616253725985,30,0.0,Normal,-0.12723496350875174,
slip_202609_002,EMP0964962,GANESH,9,2026,2026-09-28T10:00:00Z,30,0,7100,100.0,550,0,0,100,150,0.0,7650,250.0,7400.0,,Hubli- Keshwapur,Hubli- Keshwapur,0.032679738562091505,0.07746478873239436,7150.0,0.03496503496503497,30,0.0,Normal,-0.13273614426626196,
slip_202609_019,EMP0993967,SHIVANAGOUDA NADAVINAMANI,9,2026,2026-09-28T10:00:00Z,30,0,13700,100.0,1050,0,0,200,150,0.0,14750,350.0,14400.0,,Hubli- Keshwapur,Hubli- Keshwapur,0.023728813559322035,0.07664233576642336,13466.13,0.0693495458606148,30,0.0,Normal,-0.1295740412791257,
slip_202609_009,EMP1007780,SRI SAI KRISHNA M,9,2026,2026-09-28T10:00:00Z,30,0,7100,100.0,500,0,0,100,150,0.0,7600,250.0,7350.0,,Hubli- Keshwapur,Hubli- Keshwapur,0.03289473684210526,0.07042253521126761,7550.0,-0.026490066225165563,30,0.0,Normal,-0.12097620885452864,
slip_202609_017,EMP1008923,MOHAMMED WAJID,9,2026,2026-09-28T10:00:00Z,30,0,13700,100.0,1000,0,0,200,150,0.0,14700,350.0,14350.0,,Hubli- Keshwapur,Hubli- Keshwapur,0.023809523809523808,0.072992700729927,13124.19,0.09340081178343193,30,0.0,Normal,-0.122171424819495,
slip_202609_015,EMP1017160,SANDEEP M,9,2026,2026-09-28T10:00:00Z,30,0,7100,100.0,600,0,0,0,150,0.0,7700,150.0,7550.0,,Hubli- Keshwapur,Hubli- Keshwapur,0.01948051948051948,0.08450704225352113,6862.9,0.1001180259074153,30,0.0,Normal,-0.13440739284795739,
