payYear,payMonth,employee_count,total_gross,total_deductions,total_net,total_lwp,average_attendance,total_performance,total_festival_bonus
2025,10,20,302550,16148.39,286401.61,24,96.1285,21850,7000
2025,11,20,301350,9023.34,292326.66000000003,8,98.6665,22150,5000
2025,12,20,296800,16940.31,279859.69,29,95.3225,22400,0
2026,1,20,296350,11351.61,284998.39,15,97.5805,21150,0
2026,2,20,297150,15028.57,282121.43,15,97.3225,21800,0
2026,3,20,298650,16395.16,282254.83999999997,25,95.9675,22750,0
2026,4,20,302000,11585.0,290415.0,12,98.0,26050,0
2026,5,20,298350,14737.11,283612.89,23,96.289,21650,0
2026,6,20,298100,17056.66,281043.33999999997,26,95.667,21200,0
2026,7,20,300200,16269.34,283930.66,25,95.967,22650,0
2026,8,20,298900,17722.58,281177.42,23,96.2895,21250,0
2026,9,20,299150,17760.0,281390.0,17,97.166,20950,0
