id,empid,name,role,deputedAt,store,doj,bank,bankname,ifsc,pan,payMonth,payYear,customDaysInMonth,paidDays,lwp,refundDays,basic,attendance,performance,festivalBonus,dq,otherDed,groupInsurance,remarks
EMP0670267,EMP0670267,P TYSON,FR ASSOCIATE,Hubli- Keshwapur,Hubli- Keshwapur,2025-01-01,HDFC,HDFC Bank,HDFC0001234,AEJOR1000F,9,2026,30,30,0,0,17000,1000,1400,,0,,150,
EMP0964962,EMP0964962,GANESH,FR ASSOCIATE PART TIME,Hubli- Keshwapur,Hubli- Keshwapur,2025-01-01,ICICI,ICICI Bank,ICIC0002345,BFKPS1001G,9,2026,30,30,0,0,7000,1000,600,,0,,150,
EMP0024877,EMP0024877,PRAKASH BADAPPANAVAR,FR ASSOCIATE,Hubli- Keshwapur,Hubli- Keshwapur,2025-01-01,Axis,Axis Bank,UTIB0003456,CGLQT1002H,9,2026,30,30,0,0,17500,1000,1400,,0,,150,
EMP0185210,EMP0185210,BASAVARAJ CHIGARI,FR ASSOCIATE,Hubli- Keshwapur,Hubli- Keshwapur,2025-01-01,State of India,State Bank of India,SBIN0004567,DHMRU1003I,9,2026,30,30,0,0,12200,1000,1000,,0,,150,
EMP0052397,EMP0052397,RUDRAYYA GANGAYYA CHARANTIMATH,FR ASSOCIATE PART TIME,Hubli- Keshwapur,Hubli- Keshwapur,2025-01-01,Kotak Mahindra,Kotak Mahindra Bank,KKBK0005678,EINSV1004J,9,2026,30,30,0,0,17000,1000,1400,,0,,150,
EMP0079175,EMP0079175,NAVEEN HAJARE,FR ASSOCIATE,Hubli- Keshwapur,Hubli- Keshwapur,2025-01-01,HDFC,HDFC Bank,HDFC0001234,FJOTW1005K,9,2026,30,30,0,0,18000,1000,1400,,0,,150,
EMP0189971,EMP0189971,VINAYAK HAJARE,FR ASSOCIATE PART TIME,Hubli- Keshwapur,Hubli- Keshwapur,2025-01-01,ICICI,ICICI Bank,ICIC0002345,GKPUX1006L,9,2026,30,30,0,0,7000,1000,600,,0,,150,
EMP0394107,EMP0394107,SURAJ KUMAR,FR ASSOCIATE PART TIME,Hubli- Keshwapur,Hubli- Keshwapur,2025-01-01,Axis,Axis Bank,UTIB0003456,HLQVY1007M,9,2026,30,30,0,0,7250,1000,600,,0,,150,
EMP1007780,EMP1007780,SRI SAI KRISHNA M,FR ASSOCIATE PART TIME,Hubli- Keshwapur,Hubli- Keshwapur,2025-01-01,State of India,State Bank of India,SBIN0004567,IMRWZ1008N,9,2026,30,30,0,0,7000,1000,600,,0,,150,
EMP0337805,EMP0337805,FRANCIS JOKIM ZALAKI,FR ASSOCIATE,Hubli- Keshwapur,Hubli- Keshwapur,2025-01-01,Kotak Mahindra,Kotak Mahindra Bank,KKBK0005678,JNSX[1009O,9,2026,30,30,0,0,17500,1000,1400,,0,,150,
EMP0366290,EMP0366290,SAIF DADAPEER H,FR ASSOCIATE PART TIME,Hubli- Keshwapur,Hubli- Keshwapur,2025-01-01,HDFC,HDFC Bank,HDFC0001234,KOTY\1010P,9,2026,30,30,0,0,7750,1000,600,,0,,150,
EMP0020802,EMP0020802,BASAVARAJ LAKSHMAPPA TALAWAR,FR ASSOCIATE,Hubli- Keshwapur,Hubli- Keshwapur,2025-01-01,ICICI,ICICI Bank,ICIC0002345,LPUZ]1011Q,9,2026,30,30,0,0,18000,1000,1400,,0,,150,
EMP0023265,EMP0023265,MAHESH N CHITTUMBAL,FR ASSOCIATE,Hubli- Keshwapur,Hubli- Keshwapur,2025-01-01,Axis,Axis Bank,UTIB0003456,MQV[^1012R,9,2026,30,30,0,0,17500,1000,1400,,0,,150,
EMP0434735,EMP0434735,KALMESHWARAYYA SHIDDAYYA HIREMATH,FR ASSOCIATE,Hubli- Keshwapur,Hubli- Keshwapur,2025-01-01,State of India,State Bank of India,SBIN0004567,NRW\E1013S,9,2026,30,30,0,0,18000,1000,1400,,0,,150,
EMP1017160,EMP1017160,SANDEEP M,FR ASSOCIATE PART TIME,Hubli- Keshwapur,Hubli- Keshwapur,2025-01-01,Kotak Mahindra,Kotak Mahindra Bank,KKBK0005678,OSX]F1014T,9,2026,30,30,0,0,7000,1000,600,,0,,150,
EMP0177461,EMP0177461,JAYIDALI NADAF,FR ASSOCIATE,Hubli- Keshwapur,Hubli- Keshwapur,2025-01-01,HDFC,HDFC Bank,HDFC0001234,PTYDG1015U,9,2026,30,30,0,0,18000,1000,1400,,0,,150,
EMP1008923,EMP1008923,MOHAMMED WAJID,FR ASSOCIATE,Hubli- Keshwapur,Hubli- Keshwapur,2025-01-01,ICICI,ICICI Bank,ICIC0002345,QUZEH1016V,9,2026,30,30,0,0,13500,1000,1100,,0,,150,
EMP0909154,EMP0909154,DEVARAJ,FR ASSOCIATE,Hubli- Keshwapur,Hubli- Keshwapur,2025-01-01,Axis,Axis Bank,UTIB0003456,RV[FI1017W,9,2026,30,30,0,0,14500,1000,1200,,0,,150,
EMP0993967,EMP0993967,SHIVANAGOUDA NADAVINAMANI,FR ASSOCIATE,Hubli- Keshwapur,Hubli- Keshwapur,2025-01-01,State of India,State Bank of India,SBIN0004567,SW\GJ1018X,9,2026,30,30,0,0,13500,1000,1100,,0,,150,
EMP0268853,EMP0268853,SACHIN ANAND LAMANI,FR SHIFT INCHARGE,Hubli- Keshwapur,Hubli- Keshwapur,2025-01-01,Kotak Mahindra,Kotak Mahindra Bank,KKBK0005678,TXCHK1019Y,9,2026,30,30,0,0,18500,1000,1500,,0,,150,
