id,empId,empName,payMonth,payYear,timestamp,paidDays,lwp,basic,attendance,performance,festivalBonus,dq,otherDed,groupInsurance,lwpDeduction,gross,ded,net,remarks,store,deputedAt
slip_202510_001,EMP0670267,P TYSON,10,2025,2025-10-28T10:00:00Z,31,0,17000,100.0,1350,1000,0,0,150,0.0,19350,150.0,19200.0,,Hubli- Keshwapur,Hubli- Keshwapur
slip_202510_002,EMP0964962,GANESH,10,2025,2025-10-28T10:00:00Z,28,3,7000,90.32,600,0,0,200,150,677.42,7600,1027.42,6572.58,,Hubli- Keshwapur,Hubli- Keshwapur
slip_202510_003,EMP0024877,PRAKASH BADAPPANAVAR,10,2025,2025-10-28T10:00:00Z,29,2,17500,93.55,1450,1000,0,0,150,1129.03,19950,1279.03,18670.97,,Hubli- Keshwapur,Hubli- Keshwapur
slip_202510_004,EMP0185210,BASAVARAJ CHIGARI,10,2025,2025-10-28T10:00:00Z,31,0,12200,100.0,1100,1000,0,100,150,0.0,14300,250.0,14050.0,,Hubli- Keshwapur,Hubli- Keshwapur
slip_202510_005,EMP0052397,RUDRAYYA GANGAYYA CHARANTIMATH,10,2025,2025-10-28T10:00:00Z,30,1,17000,96.77,1200,0,0,300,150,548.39,18200,998.39,17201.61,,Hubli- Keshwapur,Hubli- Keshwapur
slip_202510_006,EMP0079175,NAVEEN HAJARE,10,2025,2025-10-28T10:00:00Z,28,3,18000,90.32,1350,0,0,0,150,1741.94,19350,1891.94,17458.06,,Hubli- Keshwapur,Hubli- Keshwapur
slip_202510_007,EMP0189971,VINAYAK HAJARE,10,2025,2025-10-28T10:00:00Z,29,2,7000,93.55,550,1000,0,100,150,451.61,8550,701.61,7848.39,,Hubli- Keshwapur,Hubli- Keshwapur
slip_202510_008,EMP0394107,SURAJ KUMAR,10,2025,2025-10-28T10:00:00Z,31,0,7250,100.0,550,1000,0,0,150,0.0,8800,150.0,8650.0,,Hubli- Keshwapur,Hubli- Keshwapur
slip_202510_009,EMP1007780,SRI SAI KRISHNA M,10,2025,2025-10-28T10:00:00Z,31,0,7000,100.0,550,0,0,100,150,0.0,7550,250.0,7300.0,,Hubli- Keshwapur,Hubli- Keshwapur
slip_202510_010,EMP0337805,FRANCIS JOKIM ZALAKI,10,2025,2025-10-28T10:00:00Z,31,0,17500,100.0,1500,0,0,0,150,0.0,19000,150.0,18850.0,,Hubli- Keshwapur,Hubli- Keshwapur
slip_202510_011,EMP0366290,SAIF DADAPEER H,10,2025,2025-10-28T10:00:00Z,31,0,7750,100.0,550,0,0,0,150,0.0,8300,150.0,8150.0,,Hubli- Keshwapur,Hubli- Keshwapur
slip_202510_012,EMP0020802,BASAVARAJ LAKSHMAPPA TALAWAR,10,2025,2025-10-28T10:00:00Z,29,2,18000,93.55,1400,0,0,200,150,1161.29,19400,1511.29,17888.71,,Hubli- Keshwapur,Hubli- Keshwapur
slip_202510_013,EMP0023265,MAHESH N CHITTUMBAL,10,2025,2025-10-28T10:00:00Z,29,2,17500,93.55,1200,0,0,100,150,1129.03,18700,1379.03,17320.97,,Hubli- Keshwapur,Hubli- Keshwapur
slip_202510_014,EMP0434735,KALMESHWARAYYA SHIDDAYYA HIREMATH,10,2025,2025-10-28T10:00:00Z,28,3,18000,90.32,1550,0,0,0,150,1741.94,19550,1891.94,17658.06,,Hubli- Keshwapur,Hubli- Keshwapur
slip_202510_015,EMP1017160,SANDEEP M,10,2025,2025-10-28T10:00:00Z,31,0,7000,100.0,500,0,0,100,150,0.0,7500,250.0,7250.0,,Hubli- Keshwapur,Hubli- Keshwapur
slip_202510_016,EMP0177461,JAYIDALI NADAF,10,2025,2025-10-28T10:00:00Z,31,0,18000,100.0,1600,1000,0,300,150,0.0,20600,450.0,20150.0,,Hubli- Keshwapur,Hubli- Keshwapur
slip_202510_017,EMP1008923,MOHAMMED WAJID,10,2025,2025-10-28T10:00:00Z,28,3,13500,90.32,1100,0,0,100,150,1306.45,14600,1556.45,13043.55,,Hubli- Keshwapur,Hubli- Keshwapur
slip_202510_018,EMP0909154,DEVARAJ,10,2025,2025-10-28T10:00:00Z,30,1,14500,96.77,1350,1000,0,0,150,467.74,16850,617.74,16232.26,,Hubli- Keshwapur,Hubli- Keshwapur
slip_202510_019,EMP0993967,SHIVANAGOUDA NADAVINAMANI,10,2025,2025-10-28T10:00:00Z,31,0,13500,100.0,1100,0,0,0,150,0.0,14600,150.0,14450.0,,Hubli- Keshwapur,Hubli- Keshwapur
slip_202510_020,EMP0268853,SACHIN ANAND LAMANI,10,2025,2025-10-28T10:00:00Z,29,2,18500,93.55,1300,0,0,0,150,1193.55,19800,1343.55,18456.45,,Hubli- Keshwapur,Hubli- Keshwapur
slip_202511_001,EMP0670267,P TYSON,11,2025,2025-11-28T10:00:00Z,28,2,17050,93.33,1500,0,0,0,150,1136.67,18550,1286.67,17263.33,,Hubli- Keshwapur,Hubli- Keshwapur
slip_202511_002,EMP0964962,GANESH,11,2025,2025-11-28T10:00:00Z,30,0,7000,100.0,650,1000,0,300,150,0.0,8650,450.0,8200.0,,Hubli- Keshwapur,Hubli- Keshwapur
slip_202511_003,EMP0024877,PRAKASH BADAPPANAVAR,11,2025,2025-11-28T10:00:00Z,29,1,17550,96.67,1300,0,0,300,150,585.0,18850,1035.0,17815.0,,Hubli- Keshwapur,Hubli- Keshwapur
slip_202511_004,EMP0185210,BASAVARAJ CHIGARI,11,2025,2025-11-28T10:00:00Z,30,0,12200,100.0,1050,0,0,0,150,0.0,13250,150.0,13100.0,,Hubli- Keshwapur,Hubli- Keshwapur
slip_202511_005,EMP0052397,RUDRAYYA GANGAYYA CHARANTIMATH,11,2025,2025-11-28T10:00:00Z,30,0,17050,100.0,1300,0,0,200,150,0.0,18350,350.0,18000.0,,Hubli- Keshwapur,Hubli- Keshwapur
slip_202511_006,EMP0079175,NAVEEN HAJARE,11,2025,2025-11-28T10:00:00Z,30,0,18050,100.0,1550,1000,0,0,150,0.0,20600,150.0,20450.0,,Hubli- Keshwapur,Hubli- Keshwapur
slip_202511_007,EMP0189971,VINAYAK HAJARE,11,2025,2025-11-28T10:00:00Z,30,0,7000,100.0,550,0,0,0,150,0.0,7550,150.0,7400.0,,Hubli- Keshwapur,Hubli- Keshwapur
slip_202511_008,EMP0394107,SURAJ KUMAR,11,2025,2025-11-28T10:00:00Z,30,0,7250,100.0,600,0,0,0,150,0.0,7850,150.0,7700.0,,Hubli- Keshwapur,Hubli- Keshwapur
slip_202511_009,EMP1007780,SRI SAI KRISHNA M,11,2025,2025-11-28T10:00:00Z,30,0,7000,100.0,550,0,0,300,150,0.0,7550,450.0,7100.0,,Hubli- Keshwapur,Hubli- Keshwapur
slip_202511_010,EMP0337805,FRANCIS JOKIM ZALAKI,11,2025,2025-11-28T10:00:00Z,29,1,17550,96.67,1200,0,0,0,150,585.0,18750,735.0,18015.0,,Hubli- Keshwapur,Hubli- Keshwapur
slip_202511_011,EMP0366290,SAIF DADAPEER H,11,2025,2025-11-28T10:00:00Z,28,2,7750,93.33,550,0,0,0,150,516.67,8300,666.67,7633.33,,Hubli- Keshwapur,Hubli- Keshwapur
slip_202511_012,EMP0020802,BASAVARAJ LAKSHMAPPA TALAWAR,11,2025,2025-11-28T10:00:00Z,30,0,18050,100.0,1450,1000,0,0,150,0.0,20500,150.0,20350.0,,Hubli- Keshwapur,Hubli- Keshwapur
slip_202511_013,EMP0023265,MAHESH N CHITTUMBAL,11,2025,2025-11-28T10:00:00Z,30,0,17550,100.0,1250,0,0,100,150,0.0,18800,250.0,18550.0,,Hubli- Keshwapur,Hubli- Keshwapur
slip_202511_014,EMP0434735,KALMESHWARAYYA SHIDDAYYA HIREMATH,11,2025,2025-11-28T10:00:00Z,30,0,18050,100.0,1600,0,0,100,150,0.0,19650,250.0,19400.0,,Hubli- Keshwapur,Hubli- Keshwapur
slip_202511_015,EMP1017160,SANDEEP M,11,2025,2025-11-28T10:00:00Z,30,0,7000,100.0,550,0,0,300,150,0.0,7550,450.0,7100.0,,Hubli- Keshwapur,Hubli- Keshwapur
slip_202511_016,EMP0177461,JAYIDALI NADAF,11,2025,2025-11-28T10:00:00Z,30,0,18050,100.0,1500,0,0,100,150,0.0,19550,250.0,19300.0,,Hubli- Keshwapur,Hubli- Keshwapur
slip_202511_017,EMP1008923,MOHAMMED WAJID,11,2025,2025-11-28T10:00:00Z,30,0,13500,100.0,950,1000,0,0,150,0.0,15450,150.0,15300.0,,Hubli- Keshwapur,Hubli- Keshwapur
slip_202511_018,EMP0909154,DEVARAJ,11,2025,2025-11-28T10:00:00Z,30,0,14500,100.0,1150,0,0,100,150,0.0,15650,250.0,15400.0,,Hubli- Keshwapur,Hubli- Keshwapur
slip_202511_019,EMP0993967,SHIVANAGOUDA NADAVINAMANI,11,2025,2025-11-28T10:00:00Z,28,2,13500,93.33,1250,0,0,200,150,900.0,14750,1250.0,13500.0,,Hubli- Keshwapur,Hubli- Keshwapur
slip_202511_020,EMP0268853,SACHIN ANAND LAMANI,11,2025,2025-11-28T10:00:00Z,30,0,18550,100.0,1650,1000,0,300,150,0.0,21200,450.0,20750.0,,Hubli- Keshwapur,Hubli- Keshwapur
slip_202512_001,EMP0670267,P TYSON,12,2025,2025-12-28T10:00:00Z,29,2,17050,93.55,1450,0,0,200,150,1100.0,18500,1450.0,17050.0,,Hubli- Keshwapur,Hubli- Keshwapur
slip_202512_002,EMP0964962,GANESH,12,2025,2025-12-28T10:00:00Z,31,0,7000,100.0,600,0,0,0,150,0.0,7600,150.0,7450.0,,Hubli- Keshwapur,Hubli- Keshwapur
slip_202512_003,EMP0024877,PRAKASH BADAPPANAVAR,12,2025,2025-12-28T10:00:00Z,31,0,17550,100.0,1600,0,0,0,150,0.0,19150,150.0,19000.0,,Hubli- Keshwapur,Hubli- Keshwapur
slip_202512_004,EMP0185210,BASAVARAJ CHIGARI,12,2025,2025-12-28T10:00:00Z,20,11,12250,64.52,1000,0,0,0,150,4346.77,13250,4496.77,8753.23,Attendance adjustment,Hubli- Keshwapur,Hubli- Keshwapur
slip_202512_005,EMP0052397,RUDRAYYA GANGAYYA CHARANTIMATH,12,2025,2025-12-28T10:00:00Z,31,0,17050,100.0,1350,0,0,0,150,0.0,18400,150.0,18250.0,,Hubli- Keshwapur,Hubli- Keshwapur
slip_202512_006,EMP0079175,NAVEEN HAJARE,12,2025,2025-12-28T10:00:00Z,31,0,18050,100.0,1500,0,0,0,150,0.0,19550,150.0,19400.0,,Hubli- Keshwapur,Hubli- Keshwapur
slip_202512_007,EMP0189971,VINAYAK HAJARE,12,2025,2025-12-28T10:00:00Z,29,2,7000,93.55,500,0,0,0,150,451.61,7500,601.61,6898.39,,Hubli- Keshwapur,Hubli- Keshwapur
slip_202512_008,EMP0394107,SURAJ KUMAR,12,2025,2025-12-28T10:00:00Z,28,3,7250,90.32,650,0,0,0,150,701.61,7900,851.61,7048.39,,Hubli- Keshwapur,Hubli- Keshwapur
slip_202512_009,EMP1007780,SRI SAI KRISHNA M,12,2025,2025-12-28T10:00:00Z,31,0,7000,100.0,500,0,0,0,150,0.0,7500,150.0,7350.0,,Hubli- Keshwapur,Hubli- Keshwapur
slip_202512_010,EMP0337805,FRANCIS JOKIM ZALAKI,12,2025,2025-12-28T10:00:00Z,29,2,17550,93.55,1200,0,0,200,150,1132.26,18750,1482.26,17267.74,,Hubli- Keshwapur,Hubli- Keshwapur
slip_202512_011,EMP0366290,SAIF DADAPEER H,12,2025,2025-12-28T10:00:00Z,30,1,7750,96.77,650,0,0,0,150,250.0,8400,400.0,8000.0,,Hubli- Keshwapur,Hubli- Keshwapur
slip_202512_012,EMP0020802,BASAVARAJ LAKSHMAPPA TALAWAR,12,2025,2025-12-28T10:00:00Z,28,3,18050,90.32,1450,0,0,100,150,1746.77,19500,1996.77,17503.23,,Hubli- Keshwapur,Hubli- Keshwapur
slip_202512_013,EMP0023265,MAHESH N CHITTUMBAL,12,2025,2025-12-28T10:00:00Z,29,2,17550,93.55,1350,0,0,0,150,1132.26,18900,1282.26,17617.74,,Hubli- Keshwapur,Hubli- Keshwapur
slip_202512_014,EMP0434735,KALMESHWARAYYA SHIDDAYYA HIREMATH,12,2025,2025-12-28T10:00:00Z,30,1,18050,96.77,1600,0,0,0,150,582.26,19650,732.26,18917.74,,Hubli- Keshwapur,Hubli- Keshwapur
slip_202512_015,EMP1017160,SANDEEP M,12,2025,2025-12-28T10:00:00Z,31,0,7000,100.0,550,0,0,200,150,0.0,7550,350.0,7200.0,,Hubli- Keshwapur,Hubli- Keshwapur
slip_202512_016,EMP0177461,JAYIDALI NADAF,12,2025,2025-12-28T10:00:00Z,31,0,18050,100.0,1500,0,0,100,150,0.0,19550,250.0,19300.0,,Hubli- Keshwapur,Hubli- Keshwapur
slip_202512_017,EMP1008923,MOHAMMED WAJID,12,2025,2025-12-28T10:00:00Z,31,0,13550,100.0,1250,0,0,0,150,0.0,14800,150.0,14650.0,,Hubli- Keshwapur,Hubli- Keshwapur
slip_202512_018,EMP0909154,DEVARAJ,12,2025,2025-12-28T10:00:00Z,31,0,14550,100.0,1200,0,0,0,150,0.0,15750,150.0,15600.0,,Hubli- Keshwapur,Hubli- Keshwapur
slip_202512_019,EMP0993967,SHIVANAGOUDA NADAVINAMANI,12,2025,2025-12-28T10:00:00Z,31,0,13550,100.0,950,0,0,200,150,0.0,14500,350.0,14150.0,,Hubli- Keshwapur,Hubli- Keshwapur
slip_202512_020,EMP0268853,SACHIN ANAND LAMANI,12,2025,2025-12-28T10:00:00Z,29,2,18550,93.55,1550,0,0,300,150,1196.77,20100,1646.77,18453.23,,Hubli- Keshwapur,Hubli- Keshwapur
slip_202601_001,EMP0670267,P TYSON,1,2026,2026-01-28T10:00:00Z,31,0,17100,100.0,1300,0,0,300,150,0.0,18400,450.0,17950.0,,Hubli- Keshwapur,Hubli- Keshwapur
slip_202601_002,EMP0964962,GANESH,1,2026,2026-01-28T10:00:00Z,28,3,7050,90.32,550,0,0,0,150,682.26,7600,832.26,6767.74,,Hubli- Keshwapur,Hubli- Keshwapur
slip_202601_003,EMP0024877,PRAKASH BADAPPANAVAR,1,2026,2026-01-28T10:00:00Z,31,0,17600,100.0,1350,0,0,0,150,0.0,18950,150.0,18800.0,,Hubli- Keshwapur,Hubli- Keshwapur
slip_202601_004,EMP0185210,BASAVARAJ CHIGARI,1,2026,2026-01-28T10:00:00Z,31,0,12250,100.0,1100,0,0,0,150,0.0,13350,150.0,13200.0,,Hubli- Keshwapur,Hubli- Keshwapur
slip_202601_005,EMP0052397,RUDRAYYA GANGAYYA CHARANTIMATH,1,2026,2026-01-28T10:00:00Z,31,0,17100,100.0,1150,0,0,300,150,0.0,18250,450.0,17800.0,,Hubli- Keshwapur,Hubli- Keshwapur
slip_202601_006,EMP0079175,NAVEEN HAJARE,1,2026,2026-01-28T10:00:00Z,28,3,18100,90.32,1400,0,0,0,150,1751.61,19500,1901.61,17598.39,,Hubli- Keshwapur,Hubli- Keshwapur
slip_202601_007,EMP0189971,VINAYAK HAJARE,1,2026,2026-01-28T10:00:00Z,31,0,7050,100.0,500,0,0,0,150,0.0,7550,150.0,7400.0,,Hubli- Keshwapur,Hubli- Keshwapur
slip_202601_008,EMP0394107,SURAJ KUMAR,1,2026,2026-01-28T10:00:00Z,31,0,7300,100.0,600,0,0,0,150,0.0,7900,150.0,7750.0,,Hubli- Keshwapur,Hubli- Keshwapur
slip_202601_009,EMP1007780,SRI SAI KRISHNA M,1,2026,2026-01-28T10:00:00Z,31,0,7050,100.0,600,0,0,0,150,0.0,7650,150.0,7500.0,,Hubli- Keshwapur,Hubli- Keshwapur
slip_202601_010,EMP0337805,FRANCIS JOKIM ZALAKI,1,2026,2026-01-28T10:00:00Z,29,2,17600,93.55,1600,0,0,100,150,1135.48,19200,1385.48,17814.52,,Hubli- Keshwapur,Hubli- Keshwapur
slip_202601_011,EMP0366290,SAIF DADAPEER H,1,2026,2026-01-28T10:00:00Z,29,2,7800,93.55,700,0,0,100,150,503.23,8500,753.23,7746.77,,Hubli- Keshwapur,Hubli- Keshwapur
slip_202601_012,EMP0020802,BASAVARAJ LAKSHMAPPA TALAWAR,1,2026,2026-01-28T10:00:00Z,29,2,18100,93.55,1250,0,0,200,150,1167.74,19350,1517.74,17832.26,,Hubli- Keshwapur,Hubli- Keshwapur
slip_202601_013,EMP0023265,MAHESH N CHITTUMBAL,1,2026,2026-01-28T10:00:00Z,31,0,17600,100.0,1350,0,0,0,150,0.0,18950,150.0,18800.0,,Hubli- Keshwapur,Hubli- Keshwapur
slip_202601_014,EMP0434735,KALMESHWARAYYA SHIDDAYYA HIREMATH,1,2026,2026-01-28T10:00:00Z,31,0,18100,100.0,1250,0,0,200,150,0.0,19350,350.0,19000.0,,Hubli- Keshwapur,Hubli- Keshwapur
slip_202601_015,EMP1017160,SANDEEP M,1,2026,2026-01-28T10:00:00Z,31,0,7050,100.0,650,0,0,200,150,0.0,7700,350.0,7350.0,,Hubli- Keshwapur,Hubli- Keshwapur
slip_202601_016,EMP0177461,JAYIDALI NADAF,1,2026,2026-01-28T10:00:00Z,31,0,18100,100.0,1350,0,0,0,150,0.0,19450,150.0,19300.0,,Hubli- Keshwapur,Hubli- Keshwapur
slip_202601_017,EMP1008923,MOHAMMED WAJID,1,2026,2026-01-28T10:00:00Z,28,3,13550,90.32,900,0,0,0,150,1311.29,14450,1461.29,12988.71,,Hubli- Keshwapur,Hubli- Keshwapur
slip_202601_018,EMP0909154,DEVARAJ,1,2026,2026-01-28T10:00:00Z,31,0,14550,100.0,1000,0,0,100,150,0.0,15550,250.0,15300.0,,Hubli- Keshwapur,Hubli- Keshwapur
slip_202601_019,EMP0993967,SHIVANAGOUDA NADAVINAMANI,1,2026,2026-01-28T10:00:00Z,31,0,13550,100.0,1000,0,0,300,150,0.0,14550,450.0,14100.0,,Hubli- Keshwapur,Hubli- Keshwapur
slip_202601_020,EMP0268853,SACHIN ANAND LAMANI,1,2026,2026-01-28T10:00:00Z,31,0,18600,100.0,1550,0,0,0,150,0.0,20150,150.0,20000.0,,Hubli- Keshwapur,Hubli- Keshwapur
slip_202602_001,EMP0670267,P TYSON,2,2026,2026-02-28T10:00:00Z,28,0,17100,100.0,1300,0,0,300,150,0.0,18400,450.0,17950.0,,Hubli- Keshwapur,Hubli- Keshwapur
slip_202602_002,EMP0964962,GANESH,2,2026,2026-02-28T10:00:00Z,28,0,7050,100.0,550,0,0,0,150,0.0,7600,150.0,7450.0,,Hubli- Keshwapur,Hubli- Keshwapur
slip_202602_003,EMP0024877,PRAKASH BADAPPANAVAR,2,2026,2026-02-28T10:00:00Z,28,0,17600,100.0,1250,0,0,300,150,0.0,18850,450.0,18400.0,,Hubli- Keshwapur,Hubli- Keshwapur
slip_202602_004,EMP0185210,BASAVARAJ CHIGARI,2,2026,2026-02-28T10:00:00Z,26,2,12250,92.86,850,0,0,200,150,875.0,13100,1225.0,11875.0,,Hubli- Keshwapur,Hubli- Keshwapur
slip_202602_005,EMP0052397,RUDRAYYA GANGAYYA CHARANTIMATH,2,2026,2026-02-28T10:00:00Z,25,3,17100,89.29,1250,0,0,0,150,1832.14,18350,1982.14,16367.86,,Hubli- Keshwapur,Hubli- Keshwapur
slip_202602_006,EMP0079175,NAVEEN HAJARE,2,2026,2026-02-28T10:00:00Z,25,3,18100,89.29,1400,0,0,200,150,1939.29,19500,2289.29,17210.71,,Hubli- Keshwapur,Hubli- Keshwapur
slip_202602_007,EMP0189971,VINAYAK HAJARE,2,2026,2026-02-28T10:00:00Z,26,2,7050,92.86,500,0,0,0,150,503.57,7550,653.57,6896.43,,Hubli- Keshwapur,Hubli- Keshwapur
slip_202602_008,EMP0394107,SURAJ KUMAR,2,2026,2026-02-28T10:00:00Z,27,1,7300,96.43,550,0,0,0,150,260.71,7850,410.71,7439.29,,Hubli- Keshwapur,Hubli- Keshwapur
slip_202602_009,EMP1007780,SRI SAI KRISHNA M,2,2026,2026-02-28T10:00:00Z,28,0,7050,100.0,600,0,0,2600,150,0.0,7650,2750.0,4900.0,Additional deduction applied,Hubli- Keshwapur,Hubli- Keshwapur
slip_202602_010,EMP0337805,FRANCIS JOKIM ZALAKI,2,2026,2026-02-28T10:00:00Z,28,0,17600,100.0,1350,0,0,0,150,0.0,18950,150.0,18800.0,,Hubli- Keshwapur,Hubli- Keshwapur
slip_202602_011,EMP0366290,SAIF DADAPEER H,2,2026,2026-02-28T10:00:00Z,27,1,7800,96.43,550,0,0,300,150,278.57,8350,728.57,7621.43,,Hubli- Keshwapur,Hubli- Keshwapur
slip_202602_012,EMP0020802,BASAVARAJ LAKSHMAPPA TALAWAR,2,2026,2026-02-28T10:00:00Z,28,0,18100,100.0,1450,0,0,200,150,0.0,19550,350.0,19200.0,,Hubli- Keshwapur,Hubli- Keshwapur
slip_202602_013,EMP0023265,MAHESH N CHITTUMBAL,2,2026,2026-02-28T10:00:00Z,28,0,17600,100.0,1400,0,0,200,150,0.0,19000,350.0,18650.0,,Hubli- Keshwapur,Hubli- Keshwapur
slip_202602_014,EMP0434735,KALMESHWARAYYA SHIDDAYYA HIREMATH,2,2026,2026-02-28T10:00:00Z,28,0,18100,100.0,1600,0,0,0,150,0.0,19700,150.0,19550.0,,Hubli- Keshwapur,Hubli- Keshwapur
slip_202602_015,EMP1017160,SANDEEP M,2,2026,2026-02-28T10:00:00Z,28,0,7050,100.0,650,0,0,0,150,0.0,7700,150.0,7550.0,,Hubli- Keshwapur,Hubli- Keshwapur
slip_202602_016,EMP0177461,JAYIDALI NADAF,2,2026,2026-02-28T10:00:00Z,25,3,18100,89.29,1500,0,0,0,150,1939.29,19600,2089.29,17510.71,,Hubli- Keshwapur,Hubli- Keshwapur
slip_202602_017,EMP1008923,MOHAMMED WAJID,2,2026,2026-02-28T10:00:00Z,28,0,13600,100.0,1150,0,0,0,150,0.0,14750,150.0,14600.0,,Hubli- Keshwapur,Hubli- Keshwapur
slip_202602_018,EMP0909154,DEVARAJ,2,2026,2026-02-28T10:00:00Z,28,0,14600,100.0,1250,0,0,0,150,0.0,15850,150.0,15700.0,,Hubli- Keshwapur,Hubli- Keshwapur
slip_202602_019,EMP0993967,SHIVANAGOUDA NADAVINAMANI,2,2026,2026-02-28T10:00:00Z,28,0,13600,100.0,1150,0,0,100,150,0.0,14750,250.0,14500.0,,Hubli- Keshwapur,Hubli- Keshwapur
slip_202602_020,EMP0268853,SACHIN ANAND LAMANI,2,2026,2026-02-28T10:00:00Z,28,0,18600,100.0,1500,0,0,0,150,0.0,20100,150.0,19950.0,,Hubli- Keshwapur,Hubli- Keshwapur
slip_202603_001,EMP0670267,P TYSON,3,2026,2026-03-28T10:00:00Z,31,0,17150,100.0,1450,0,0,300,150,0.0,18600,450.0,18150.0,,Hubli- Keshwapur,Hubli- Keshwapur
slip_202603_002,EMP0964962,GANESH,3,2026,2026-03-28T10:00:00Z,29,2,7050,93.55,500,0,0,0,150,454.84,7550,604.84,6945.16,,Hubli- Keshwapur,Hubli- Keshwapur
slip_202603_003,EMP0024877,PRAKASH BADAPPANAVAR,3,2026,2026-03-28T10:00:00Z,29,2,17650,93.55,1600,0,0,200,150,1138.71,19250,1488.71,17761.29,,Hubli- Keshwapur,Hubli- Keshwapur
slip_202603_004,EMP0185210,BASAVARAJ CHIGARI,3,2026,2026-03-28T10:00:00Z,30,1,12300,96.77,950,0,0,0,150,396.77,13250,546.77,12703.23,,Hubli- Keshwapur,Hubli- Keshwapur
slip_202603_005,EMP0052397,RUDRAYYA GANGAYYA CHARANTIMATH,3,2026,2026-03-28T10:00:00Z,29,2,17150,93.55,1400,0,0,0,150,1106.45,18550,1256.45,17293.55,,Hubli- Keshwapur,Hubli- Keshwapur
slip_202603_006,EMP0079175,NAVEEN HAJARE,3,2026,2026-03-28T10:00:00Z,30,1,18150,96.77,1650,0,0,0,150,585.48,19800,735.48,19064.52,,Hubli- Keshwapur,Hubli- Keshwapur
slip_202603_007,EMP0189971,VINAYAK HAJARE,3,2026,2026-03-28T10:00:00Z,31,0,7050,100.0,600,0,0,0,150,0.0,7650,150.0,7500.0,,Hubli- Keshwapur,Hubli- Keshwapur
slip_202603_008,EMP0394107,SURAJ KUMAR,3,2026,2026-03-28T10:00:00Z,29,2,7300,93.55,600,0,0,0,150,470.97,7900,620.97,7279.03,,Hubli- Keshwapur,Hubli- Keshwapur
slip_202603_009,EMP1007780,SRI SAI KRISHNA M,3,2026,2026-03-28T10:00:00Z,29,2,7050,93.55,650,0,0,300,150,454.84,7700,904.84,6795.16,,Hubli- Keshwapur,Hubli- Keshwapur
slip_202603_010,EMP0337805,FRANCIS JOKIM ZALAKI,3,2026,2026-03-28T10:00:00Z,28,3,17650,90.32,1350,0,0,0,150,1708.06,19000,1858.06,17141.94,,Hubli- Keshwapur,Hubli- Keshwapur
slip_202603_011,EMP0366290,SAIF DADAPEER H,3,2026,2026-03-28T10:00:00Z,29,2,7800,93.55,700,0,0,200,150,503.23,8500,853.23,7646.77,,Hubli- Keshwapur,Hubli- Keshwapur
slip_202603_012,EMP0020802,BASAVARAJ LAKSHMAPPA TALAWAR,3,2026,2026-03-28T10:00:00Z,31,0,18150,100.0,1250,0,0,200,150,0.0,19400,350.0,19050.0,,Hubli- Keshwapur,Hubli- Keshwapur
slip_202603_013,EMP0023265,MAHESH N CHITTUMBAL,3,2026,2026-03-28T10:00:00Z,31,0,17650,100.0,1450,0,0,200,150,0.0,19100,350.0,18750.0,,Hubli- Keshwapur,Hubli- Keshwapur
slip_202603_014,EMP0434735,KALMESHWARAYYA SHIDDAYYA HIREMATH,3,2026,2026-03-28T10:00:00Z,29,2,18150,93.55,1650,0,0,0,150,1170.97,19800,1320.97,18479.03,,Hubli- Keshwapur,Hubli- Keshwapur
slip_202603_015,EMP1017160,SANDEEP M,3,2026,2026-03-28T10:00:00Z,31,0,7050,100.0,550,0,0,200,150,0.0,7600,350.0,7250.0,,Hubli- Keshwapur,Hubli- Keshwapur
slip_202603_016,EMP0177461,JAYIDALI NADAF,3,2026,2026-03-28T10:00:00Z,28,3,18150,90.32,1350,0,0,100,150,1756.45,19500,2006.45,17493.55,,Hubli- Keshwapur,Hubli- Keshwapur
slip_202603_017,EMP1008923,MOHAMMED WAJID,3,2026,2026-03-28T10:00:00Z,31,0,13600,100.0,1100,0,0,200,150,0.0,14700,350.0,14350.0,,Hubli- Keshwapur,Hubli- Keshwapur
slip_202603_018,EMP0909154,DEVARAJ,3,2026,2026-03-28T10:00:00Z,30,1,14600,96.77,1300,0,0,300,150,470.97,15900,920.97,14979.03,,Hubli- Keshwapur,Hubli- Keshwapur
slip_202603_019,EMP0993967,SHIVANAGOUDA NADAVINAMANI,3,2026,2026-03-28T10:00:00Z,29,2,13600,93.55,1200,0,0,0,150,877.42,14800,1027.42,13772.58,,Hubli- Keshwapur,Hubli- Keshwapur
slip_202603_020,EMP0268853,SACHIN ANAND LAMANI,3,2026,2026-03-28T10:00:00Z,31,0,18650,100.0,1450,0,0,100,150,0.0,20100,250.0,19850.0,,Hubli- Keshwapur,Hubli- Keshwapur
slip_202604_001,EMP0670267,P TYSON,4,2026,2026-04-28T10:00:00Z,29,1,17150,96.67,1550,0,0,300,150,571.67,18700,1021.67,17678.33,,Hubli- Keshwapur,Hubli- Keshwapur
slip_202604_002,EMP0964962,GANESH,4,2026,2026-04-28T10:00:00Z,30,0,7050,100.0,4600,0,0,300,150,0.0,11650,450.0,11200.0,Performance incentive adjusted,Hubli- Keshwapur,Hubli- Keshwapur
slip_202604_003,EMP0024877,PRAKASH BADAPPANAVAR,4,2026,2026-04-28T10:00:00Z,27,3,17650,90.0,1500,0,0,0,150,1765.0,19150,1915.0,17235.0,,Hubli- Keshwapur,Hubli- Keshwapur
slip_202604_004,EMP0185210,BASAVARAJ CHIGARI,4,2026,2026-04-28T10:00:00Z,30,0,12300,100.0,1000,0,0,0,150,0.0,13300,150.0,13150.0,,Hubli- Keshwapur,Hubli- Keshwapur
slip_202604_005,EMP0052397,RUDRAYYA GANGAYYA CHARANTIMATH,4,2026,2026-04-28T10:00:00Z,30,0,17150,100.0,1500,0,0,300,150,0.0,18650,450.0,18200.0,,Hubli- Keshwapur,Hubli- Keshwapur
slip_202604_006,EMP0079175,NAVEEN HAJARE,4,2026,2026-04-28T10:00:00Z,29,1,18150,96.67,1200,0,0,300,150,605.0,19350,1055.0,18295.0,,Hubli- Keshwapur,Hubli- Keshwapur
slip_202604_007,EMP0189971,VINAYAK HAJARE,4,2026,2026-04-28T10:00:00Z,28,2,7050,93.33,600,0,0,100,150,470.0,7650,720.0,6930.0,,Hubli- Keshwapur,Hubli- Keshwapur
slip_202604_008,EMP0394107,SURAJ KUMAR,4,2026,2026-04-28T10:00:00Z,30,0,7300,100.0,600,0,0,0,150,0.0,7900,150.0,7750.0,,Hubli- Keshwapur,Hubli- Keshwapur
slip_202604_009,EMP1007780,SRI SAI KRISHNA M,4,2026,2026-04-28T10:00:00Z,30,0,7050,100.0,550,0,0,0,150,0.0,7600,150.0,7450.0,,Hubli- Keshwapur,Hubli- Keshwapur
slip_202604_010,EMP0337805,FRANCIS JOKIM ZALAKI,4,2026,2026-04-28T10:00:00Z,30,0,17650,100.0,1300,0,0,300,150,0.0,18950,450.0,18500.0,,Hubli- Keshwapur,Hubli- Keshwapur
slip_202604_011,EMP0366290,SAIF DADAPEER H,4,2026,2026-04-28T10:00:00Z,30,0,7800,100.0,600,0,0,0,150,0.0,8400,150.0,8250.0,,Hubli- Keshwapur,Hubli- Keshwapur
slip_202604_012,EMP0020802,BASAVARAJ LAKSHMAPPA TALAWAR,4,2026,2026-04-28T10:00:00Z,30,0,18150,100.0,1400,0,0,100,150,0.0,19550,250.0,19300.0,,Hubli- Keshwapur,Hubli- Keshwapur
slip_202604_013,EMP0023265,MAHESH N CHITTUMBAL,4,2026,2026-04-28T10:00:00Z,28,2,17650,93.33,1550,0,0,0,150,1176.67,19200,1326.67,17873.33,,Hubli- Keshwapur,Hubli- Keshwapur
slip_202604_014,EMP0434735,KALMESHWARAYYA SHIDDAYYA HIREMATH,4,2026,2026-04-28T10:00:00Z,30,0,18150,100.0,1600,0,0,0,150,0.0,19750,150.0,19600.0,,Hubli- Keshwapur,Hubli- Keshwapur
slip_202604_015,EMP1017160,SANDEEP M,4,2026,2026-04-28T10:00:00Z,30,0,7050,100.0,600,0,0,0,150,0.0,7650,150.0,7500.0,,Hubli- Keshwapur,Hubli- Keshwapur
slip_202604_016,EMP0177461,JAYIDALI NADAF,4,2026,2026-04-28T10:00:00Z,30,0,18150,100.0,1250,0,0,100,150,0.0,19400,250.0,19150.0,,Hubli- Keshwapur,Hubli- Keshwapur
slip_202604_017,EMP1008923,MOHAMMED WAJID,4,2026,2026-04-28T10:00:00Z,30,0,13600,100.0,1100,0,0,300,150,0.0,14700,450.0,14250.0,,Hubli- Keshwapur,Hubli- Keshwapur
slip_202604_018,EMP0909154,DEVARAJ,4,2026,2026-04-28T10:00:00Z,30,0,14650,100.0,1000,0,0,0,150,0.0,15650,150.0,15500.0,,Hubli- Keshwapur,Hubli- Keshwapur
slip_202604_019,EMP0993967,SHIVANAGOUDA NADAVINAMANI,4,2026,2026-04-28T10:00:00Z,29,1,13600,96.67,1050,0,0,0,150,453.33,14650,603.33,14046.67,,Hubli- Keshwapur,Hubli- Keshwapur
slip_202604_020,EMP0268853,SACHIN ANAND LAMANI,4,2026,2026-04-28T10:00:00Z,28,2,18650,93.33,1500,0,0,200,150,1243.33,20150,1593.33,18556.67,,Hubli- Keshwapur,Hubli- Keshwapur
slip_202605_001,EMP0670267,P TYSON,5,2026,2026-05-28T10:00:00Z,28,3,17200,90.32,1150,0,0,0,150,1664.52,18350,1814.52,16535.48,,Hubli- Keshwapur,Hubli- Keshwapur
slip_202605_002,EMP0964962,GANESH,5,2026,2026-05-28T10:00:00Z,31,0,7050,100.0,500,0,0,100,150,0.0,7550,250.0,7300.0,,Hubli- Keshwapur,Hubli- Keshwapur
slip_202605_003,EMP0024877,PRAKASH BADAPPANAVAR,5,2026,2026-05-28T10:00:00Z,30,1,17700,96.77,1300,0,0,300,150,570.97,19000,1020.97,17979.03,,Hubli- Keshwapur,Hubli- Keshwapur
slip_202605_004,EMP0185210,BASAVARAJ CHIGARI,5,2026,2026-05-28T10:00:00Z,31,0,12350,100.0,1000,0,0,100,150,0.0,13350,250.0,13100.0,,Hubli- Keshwapur,Hubli- Keshwapur
slip_202605_005,EMP0052397,RUDRAYYA GANGAYYA CHARANTIMATH,5,2026,2026-05-28T10:00:00Z,29,2,17200,93.55,1400,0,0,100,150,1109.68,18600,1359.68,17240.32,,Hubli- Keshwapur,Hubli- Keshwapur
slip_202605_006,EMP0079175,NAVEEN HAJARE,5,2026,2026-05-28T10:00:00Z,30,1,18200,96.77,1600,0,0,0,150,587.1,19800,737.1,19062.9,,Hubli- Keshwapur,Hubli- Keshwapur
slip_202605_007,EMP0189971,VINAYAK HAJARE,5,2026,2026-05-28T10:00:00Z,31,0,7050,100.0,500,0,0,200,150,0.0,7550,350.0,7200.0,,Hubli- Keshwapur,Hubli- Keshwapur
slip_202605_008,EMP0394107,SURAJ KUMAR,5,2026,2026-05-28T10:00:00Z,30,1,7350,96.77,500,0,0,0,150,237.1,7850,387.1,7462.9,,Hubli- Keshwapur,Hubli- Keshwapur
slip_202605_009,EMP1007780,SRI SAI KRISHNA M,5,2026,2026-05-28T10:00:00Z,28,3,7050,90.32,550,0,0,0,150,682.26,7600,832.26,6767.74,,Hubli- Keshwapur,Hubli- Keshwapur
slip_202605_010,EMP0337805,FRANCIS JOKIM ZALAKI,5,2026,2026-05-28T10:00:00Z,31,0,17700,100.0,1200,0,0,300,150,0.0,18900,450.0,18450.0,,Hubli- Keshwapur,Hubli- Keshwapur
slip_202605_011,EMP0366290,SAIF DADAPEER H,5,2026,2026-05-28T10:00:00Z,29,2,7850,93.55,700,0,0,0,150,506.45,8550,656.45,7893.55,,Hubli- Keshwapur,Hubli- Keshwapur
slip_202605_012,EMP0020802,BASAVARAJ LAKSHMAPPA TALAWAR,5,2026,2026-05-28T10:00:00Z,31,0,18200,100.0,1400,0,0,0,150,0.0,19600,150.0,19450.0,,Hubli- Keshwapur,Hubli- Keshwapur
slip_202605_013,EMP0023265,MAHESH N CHITTUMBAL,5,2026,2026-05-28T10:00:00Z,30,1,17700,96.77,1300,0,0,0,150,570.97,19000,720.97,18279.03,,Hubli- Keshwapur,Hubli- Keshwapur
slip_202605_014,EMP0434735,KALMESHWARAYYA SHIDDAYYA HIREMATH,5,2026,2026-05-28T10:00:00Z,31,0,18200,100.0,1500,0,0,100,150,0.0,19700,250.0,19450.0,,Hubli- Keshwapur,Hubli- Keshwapur
slip_202605_015,EMP1017160,SANDEEP M,5,2026,2026-05-28T10:00:00Z,30,1,7050,96.77,550,0,0,100,150,227.42,7600,477.42,7122.58,,Hubli- Keshwapur,Hubli- Keshwapur
slip_202605_016,EMP0177461,JAYIDALI NADAF,5,2026,2026-05-28T10:00:00Z,29,2,18200,93.55,1600,0,0,0,150,1174.19,19800,1324.19,18475.81,,Hubli- Keshwapur,Hubli- Keshwapur
slip_202605_017,EMP1008923,MOHAMMED WAJID,5,2026,2026-05-28T10:00:00Z,30,1,13650,96.77,1200,0,0,0,150,440.32,14850,590.32,14259.68,,Hubli- Keshwapur,Hubli- Keshwapur
slip_202605_018,EMP0909154,DEVARAJ,5,2026,2026-05-28T10:00:00Z,29,2,14650,93.55,1000,0,0,300,150,945.16,15650,1395.16,14254.84,,Hubli- Keshwapur,Hubli- Keshwapur
slip_202605_019,EMP0993967,SHIVANAGOUDA NADAVINAMANI,5,2026,2026-05-28T10:00:00Z,28,3,13650,90.32,1150,0,0,100,150,1320.97,14800,1570.97,13229.03,,Hubli- Keshwapur,Hubli- Keshwapur
slip_202605_020,EMP0268853,SACHIN ANAND LAMANI,5,2026,2026-05-28T10:00:00Z,31,0,18700,100.0,1550,0,0,0,150,0.0,20250,150.0,20100.0,,Hubli- Keshwapur,Hubli- Keshwapur
slip_202606_001,EMP0670267,P TYSON,6,2026,2026-06-28T10:00:00Z,29,1,17200,96.67,1200,0,0,0,150,573.33,18400,723.33,17676.67,,Hubli- Keshwapur,Hubli- Keshwapur
slip_202606_002,EMP0964962,GANESH,6,2026,2026-06-28T10:00:00Z,29,1,7100,96.67,550,0,0,0,150,236.67,7650,386.67,7263.33,,Hubli- Keshwapur,Hubli- Keshwapur
slip_202606_003,EMP0024877,PRAKASH BADAPPANAVAR,6,2026,2026-06-28T10:00:00Z,27,3,17700,90.0,1300,0,0,0,150,1770.0,19000,1920.0,17080.0,,Hubli- Keshwapur,Hubli- Keshwapur
slip_202606_004,EMP0185210,BASAVARAJ CHIGARI,6,2026,2026-06-28T10:00:00Z,30,0,12350,100.0,850,0,0,300,150,0.0,13200,450.0,12750.0,,Hubli- Keshwapur,Hubli- Keshwapur
slip_202606_005,EMP0052397,RUDRAYYA GANGAYYA CHARANTIMATH,6,2026,2026-06-28T10:00:00Z,30,0,17200,100.0,1200,0,0,200,150,0.0,18400,350.0,18050.0,,Hubli- Keshwapur,Hubli- Keshwapur
slip_202606_006,EMP0079175,NAVEEN HAJARE,6,2026,2026-06-28T10:00:00Z,30,0,18200,100.0,1350,0,0,300,150,0.0,19550,450.0,19100.0,,Hubli- Keshwapur,Hubli- Keshwapur
slip_202606_007,EMP0189971,VINAYAK HAJARE,6,2026,2026-06-28T10:00:00Z,27,3,7100,90.0,550,0,0,300,150,710.0,7650,1160.0,6490.0,,Hubli- Keshwapur,Hubli- Keshwapur
slip_202606_008,EMP0394107,SURAJ KUMAR,6,2026,2026-06-28T10:00:00Z,30,0,7350,100.0,550,0,0,0,150,0.0,7900,150.0,7750.0,,Hubli- Keshwapur,Hubli- Keshwapur
slip_202606_009,EMP1007780,SRI SAI KRISHNA M,6,2026,2026-06-28T10:00:00Z,27,3,7100,90.0,600,0,0,0,150,710.0,7700,860.0,6840.0,,Hubli- Keshwapur,Hubli- Keshwapur
slip_202606_010,EMP0337805,FRANCIS JOKIM ZALAKI,6,2026,2026-06-28T10:00:00Z,29,1,17700,96.67,1250,0,0,0,150,590.0,18950,740.0,18210.0,,Hubli- Keshwapur,Hubli- Keshwapur
slip_202606_011,EMP0366290,SAIF DADAPEER H,6,2026,2026-06-28T10:00:00Z,30,0,7850,100.0,600,0,0,200,150,0.0,8450,350.0,8100.0,,Hubli- Keshwapur,Hubli- Keshwapur
slip_202606_012,EMP0020802,BASAVARAJ LAKSHMAPPA TALAWAR,6,2026,2026-06-28T10:00:00Z,30,0,18200,100.0,1450,0,0,0,150,0.0,19650,150.0,19500.0,,Hubli- Keshwapur,Hubli- Keshwapur
slip_202606_013,EMP0023265,MAHESH N CHITTUMBAL,6,2026,2026-06-28T10:00:00Z,28,2,17700,93.33,1450,0,0,0,150,1180.0,19150,1330.0,17820.0,,Hubli- Keshwapur,Hubli- Keshwapur
slip_202606_014,EMP0434735,KALMESHWARAYYA SHIDDAYYA HIREMATH,6,2026,2026-06-28T10:00:00Z,30,0,18200,100.0,1350,0,0,0,150,0.0,19550,150.0,19400.0,,Hubli- Keshwapur,Hubli- Keshwapur
slip_202606_015,EMP1017160,SANDEEP M,6,2026,2026-06-28T10:00:00Z,27,3,7100,90.0,600,0,0,300,150,710.0,7700,1160.0,6540.0,,Hubli- Keshwapur,Hubli- Keshwapur
slip_202606_016,EMP0177461,JAYIDALI NADAF,6,2026,2026-06-28T10:00:00Z,22,8,18200,73.33,1650,0,0,0,150,4853.33,19850,5003.33,14846.67,Attendance adjustment,Hubli- Keshwapur,Hubli- Keshwapur
slip_202606_017,EMP1008923,MOHAMMED WAJID,6,2026,2026-06-28T10:00:00Z,30,0,13650,100.0,1100,0,0,300,150,0.0,14750,450.0,14300.0,,Hubli- Keshwapur,Hubli- Keshwapur
slip_202606_018,EMP0909154,DEVARAJ,6,2026,2026-06-28T10:00:00Z,30,0,14650,100.0,1100,0,0,0,150,0.0,15750,150.0,15600.0,,Hubli- Keshwapur,Hubli- Keshwapur
slip_202606_019,EMP0993967,SHIVANAGOUDA NADAVINAMANI,6,2026,2026-06-28T10:00:00Z,30,0,13650,100.0,1150,0,0,0,150,0.0,14800,150.0,14650.0,,Hubli- Keshwapur,Hubli- Keshwapur
slip_202606_020,EMP0268853,SACHIN ANAND LAMANI,6,2026,2026-06-28T10:00:00Z,29,1,18700,96.67,1350,0,0,200,150,623.33,20050,973.33,19076.67,,Hubli- Keshwapur,Hubli- Keshwapur
slip_202607_001,EMP0670267,P TYSON,7,2026,2026-07-28T10:00:00Z,31,0,17250,100.0,1550,0,0,200,150,0.0,18800,350.0,18450.0,,Hubli- Keshwapur,Hubli- Keshwapur
slip_202607_002,EMP0964962,GANESH,7,2026,2026-07-28T10:00:00Z,29,2,7100,93.55,650,0,0,0,150,458.06,7750,608.06,7141.94,,Hubli- Keshwapur,Hubli- Keshwapur
slip_202607_003,EMP0024877,PRAKASH BADAPPANAVAR,7,2026,2026-07-28T10:00:00Z,30,1,17750,96.77,1500,0,0,0,150,572.58,19250,722.58,18527.42,,Hubli- Keshwapur,Hubli- Keshwapur
slip_202607_004,EMP0185210,BASAVARAJ CHIGARI,7,2026,2026-07-28T10:00:00Z,28,3,12350,90.32,950,0,0,200,150,1195.16,13300,1545.16,11754.84,,Hubli- Keshwapur,Hubli- Keshwapur
slip_202607_005,EMP0052397,RUDRAYYA GANGAYYA CHARANTIMATH,7,2026,2026-07-28T10:00:00Z,29,2,17250,93.55,1400,0,0,100,150,1112.9,18650,1362.9,17287.1,,Hubli- Keshwapur,Hubli- Keshwapur
slip_202607_006,EMP0079175,NAVEEN HAJARE,7,2026,2026-07-28T10:00:00Z,31,0,18250,100.0,1650,0,0,0,150,0.0,19900,150.0,19750.0,,Hubli- Keshwapur,Hubli- Keshwapur
slip_202607_007,EMP0189971,VINAYAK HAJARE,7,2026,2026-07-28T10:00:00Z,29,2,7100,93.55,550,0,0,0,150,458.06,7650,608.06,7041.94,,Hubli- Keshwapur,Hubli- Keshwapur
slip_202607_008,EMP0394107,SURAJ KUMAR,7,2026,2026-07-28T10:00:00Z,31,0,7350,100.0,550,0,0,200,150,0.0,7900,350.0,7550.0,,Hubli- Keshwapur,Hubli- Keshwapur
slip_202607_009,EMP1007780,SRI SAI KRISHNA M,7,2026,2026-07-28T10:00:00Z,31,0,7100,100.0,550,0,0,0,150,0.0,7650,150.0,7500.0,,Hubli- Keshwapur,Hubli- Keshwapur
slip_202607_010,EMP0337805,FRANCIS JOKIM ZALAKI,7,2026,2026-07-28T10:00:00Z,31,0,17750,100.0,1450,0,0,100,150,0.0,19200,250.0,18950.0,,Hubli- Keshwapur,Hubli- Keshwapur
slip_202607_011,EMP0366290,SAIF DADAPEER H,7,2026,2026-07-28T10:00:00Z,28,3,7850,90.32,600,0,0,300,150,759.68,8450,1209.68,7240.32,,Hubli- Keshwapur,Hubli- Keshwapur
slip_202607_012,EMP0020802,BASAVARAJ LAKSHMAPPA TALAWAR,7,2026,2026-07-28T10:00:00Z,28,3,18250,90.32,1500,0,0,300,150,1766.13,19750,2216.13,17533.87,,Hubli- Keshwapur,Hubli- Keshwapur
slip_202607_013,EMP0023265,MAHESH N CHITTUMBAL,7,2026,2026-07-28T10:00:00Z,29,2,17750,93.55,1400,0,0,100,150,1145.16,19150,1395.16,17754.84,,Hubli- Keshwapur,Hubli- Keshwapur
slip_202607_014,EMP0434735,KALMESHWARAYYA SHIDDAYYA HIREMATH,7,2026,2026-07-28T10:00:00Z,31,0,18250,100.0,1450,0,0,0,150,0.0,19700,150.0,19550.0,,Hubli- Keshwapur,Hubli- Keshwapur
slip_202607_015,EMP1017160,SANDEEP M,7,2026,2026-07-28T10:00:00Z,30,1,7100,96.77,500,0,0,100,150,229.03,7600,479.03,7120.97,,Hubli- Keshwapur,Hubli- Keshwapur
slip_202607_016,EMP0177461,JAYIDALI NADAF,7,2026,2026-07-28T10:00:00Z,31,0,18250,100.0,1400,0,0,100,150,0.0,19650,250.0,19400.0,,Hubli- Keshwapur,Hubli- Keshwapur
slip_202607_017,EMP1008923,MOHAMMED WAJID,7,2026,2026-07-28T10:00:00Z,31,0,13700,100.0,900,0,0,300,150,0.0,14600,450.0,14150.0,,Hubli- Keshwapur,Hubli- Keshwapur
slip_202607_018,EMP0909154,DEVARAJ,7,2026,2026-07-28T10:00:00Z,30,1,14700,96.77,1300,0,0,100,150,474.19,16000,724.19,15275.81,,Hubli- Keshwapur,Hubli- Keshwapur
slip_202607_019,EMP0993967,SHIVANAGOUDA NADAVINAMANI,7,2026,2026-07-28T10:00:00Z,29,2,13700,93.55,1150,0,0,0,150,883.87,14850,1033.87,13816.13,,Hubli- Keshwapur,Hubli- Keshwapur
slip_202607_020,EMP0268853,SACHIN ANAND LAMANI,7,2026,2026-07-28T10:00:00Z,28,3,18750,90.32,1650,0,0,300,150,1814.52,20400,2264.52,18135.48,,Hubli- Keshwapur,Hubli- Keshwapur
slip_202608_001,EMP0670267,P TYSON,8,2026,2026-08-28T10:00:00Z,30,1,17250,96.77,1150,0,0,200,150,556.45,18400,906.45,17493.55,,Hubli- Keshwapur,Hubli- Keshwapur
slip_202608_002,EMP0964962,GANESH,8,2026,2026-08-28T10:00:00Z,31,0,7100,100.0,500,0,0,300,150,0.0,7600,450.0,7150.0,,Hubli- Keshwapur,Hubli- Keshwapur
slip_202608_003,EMP0024877,PRAKASH BADAPPANAVAR,8,2026,2026-08-28T10:00:00Z,31,0,17750,100.0,1450,0,0,0,150,0.0,19200,150.0,19050.0,,Hubli- Keshwapur,Hubli- Keshwapur
slip_202608_004,EMP0185210,BASAVARAJ CHIGARI,8,2026,2026-08-28T10:00:00Z,28,3,12400,90.32,900,0,0,100,150,1200.0,13300,1450.0,11850.0,,Hubli- Keshwapur,Hubli- Keshwapur
slip_202608_005,EMP0052397,RUDRAYYA GANGAYYA CHARANTIMATH,8,2026,2026-08-28T10:00:00Z,31,0,17250,100.0,1300,0,0,0,150,0.0,18550,150.0,18400.0,,Hubli- Keshwapur,Hubli- Keshwapur
slip_202608_006,EMP0079175,NAVEEN HAJARE,8,2026,2026-08-28T10:00:00Z,29,2,18250,93.55,1300,0,0,0,150,1177.42,19550,1327.42,18222.58,,Hubli- Keshwapur,Hubli- Keshwapur
slip_202608_007,EMP0189971,VINAYAK HAJARE,8,2026,2026-08-28T10:00:00Z,30,1,7100,96.77,550,0,0,200,150,229.03,7650,579.03,7070.97,,Hubli- Keshwapur,Hubli- Keshwapur
slip_202608_008,EMP0394107,SURAJ KUMAR,8,2026,2026-08-28T10:00:00Z,31,0,7350,100.0,500,0,0,100,150,0.0,7850,250.0,7600.0,,Hubli- Keshwapur,Hubli- Keshwapur
slip_202608_009,EMP1007780,SRI SAI KRISHNA M,8,2026,2026-08-28T10:00:00Z,31,0,7100,100.0,600,0,0,0,150,0.0,7700,150.0,7550.0,,Hubli- Keshwapur,Hubli- Keshwapur
slip_202608_010,EMP0337805,FRANCIS JOKIM ZALAKI,8,2026,2026-08-28T10:00:00Z,31,0,17750,100.0,1300,0,0,300,150,0.0,19050,450.0,18600.0,,Hubli- Keshwapur,Hubli- Keshwapur
slip_202608_011,EMP0366290,SAIF DADAPEER H,8,2026,2026-08-28T10:00:00Z,29,2,7850,93.55,650,0,0,0,150,506.45,8500,656.45,7843.55,,Hubli- Keshwapur,Hubli- Keshwapur
slip_202608_012,EMP0020802,BASAVARAJ LAKSHMAPPA TALAWAR,8,2026,2026-08-28T10:00:00Z,31,0,18250,100.0,1350,0,0,2500,150,0.0,19600,2650.0,16950.0,Additional deduction applied,Hubli- Keshwapur,Hubli- Keshwapur
slip_202608_013,EMP0023265,MAHESH N CHITTUMBAL,8,2026,2026-08-28T10:00:00Z,31,0,17750,100.0,1300,0,0,100,150,0.0,19050,250.0,18800.0,,Hubli- Keshwapur,Hubli- Keshwapur
slip_202608_014,EMP0434735,KALMESHWARAYYA SHIDDAYYA HIREMATH,8,2026,2026-08-28T10:00:00Z,30,1,18250,96.77,1450,0,0,200,150,588.71,19700,938.71,18761.29,,Hubli- Keshwapur,Hubli- Keshwapur
slip_202608_015,EMP1017160,SANDEEP M,8,2026,2026-08-28T10:00:00Z,28,3,7100,90.32,600,0,0,0,150,687.1,7700,837.1,6862.9,,Hubli- Keshwapur,Hubli- Keshwapur
slip_202608_016,EMP0177461,JAYIDALI NADAF,8,2026,2026-08-28T10:00:00Z,31,0,18250,100.0,1400,0,0,0,150,0.0,19650,150.0,19500.0,,Hubli- Keshwapur,Hubli- Keshwapur
slip_202608_017,EMP1008923,MOHAMMED WAJID,8,2026,2026-08-28T10:00:00Z,28,3,13700,90.32,1100,0,0,200,150,1325.81,14800,1675.81,13124.19,,Hubli- Keshwapur,Hubli- Keshwapur
slip_202608_018,EMP0909154,DEVARAJ,8,2026,2026-08-28T10:00:00Z,29,2,14700,93.55,1350,0,0,100,150,948.39,16050,1198.39,14851.61,,Hubli- Keshwapur,Hubli- Keshwapur
slip_202608_019,EMP0993967,SHIVANAGOUDA NADAVINAMANI,8,2026,2026-08-28T10:00:00Z,29,2,13700,93.55,1000,0,0,200,150,883.87,14700,1233.87,13466.13,,Hubli- Keshwapur,Hubli- Keshwapur
slip_202608_020,EMP0268853,SACHIN ANAND LAMANI,8,2026,2026-08-28T10:00:00Z,28,3,18800,90.32,1500,0,0,300,150,1819.35,20300,2269.35,18030.65,,Hubli- Keshwapur,Hubli- Keshwapur
slip_202609_001,EMP0670267,P TYSON,9,2026,2026-09-28T10:00:00Z,27,3,17300,90.0,1150,0,0,100,150,1730.0,18450,1980.0,16470.0,,Hubli- Keshwapur,Hubli- Keshwapur
slip_202609_002,EMP0964962,GANESH,9,2026,2026-09-28T10:00:00Z,30,0,7100,100.0,550,0,0,100,150,0.0,7650,250.0,7400.0,,Hubli- Keshwapur,Hubli- Keshwapur
slip_202609_003,EMP0024877,PRAKASH BADAPPANAVAR,9,2026,2026-09-28T10:00:00Z,30,0,17800,100.0,1300,0,0,0,150,0.0,19100,150.0,18950.0,,Hubli- Keshwapur,Hubli- Keshwapur
slip_202609_004,EMP0185210,BASAVARAJ CHIGARI,9,2026,2026-09-28T10:00:00Z,30,0,12400,100.0,1000,0,0,300,150,0.0,13400,450.0,12950.0,,Hubli- Keshwapur,Hubli- Keshwapur
slip_202609_005,EMP0052397,RUDRAYYA GANGAYYA CHARANTIMATH,9,2026,2026-09-28T10:00:00Z,28,2,17300,93.33,1250,0,0,300,150,1153.33,18550,1603.33,16946.67,,Hubli- Keshwapur,Hubli- Keshwapur
slip_202609_006,EMP0079175,NAVEEN HAJARE,9,2026,2026-09-28T10:00:00Z,30,0,18300,100.0,1600,0,0,0,150,0.0,19900,150.0,19750.0,,Hubli- Keshwapur,Hubli- Keshwapur
slip_202609_007,EMP0189971,VINAYAK HAJARE,9,2026,2026-09-28T10:00:00Z,30,0,7100,100.0,550,0,0,200,150,0.0,7650,350.0,7300.0,,Hubli- Keshwapur,Hubli- Keshwapur
slip_202609_008,EMP0394107,SURAJ KUMAR,9,2026,2026-09-28T10:00:00Z,30,0,7350,100.0,600,0,0,200,150,0.0,7950,350.0,7600.0,,Hubli- Keshwapur,Hubli- Keshwapur
slip_202609_009,EMP1007780,SRI SAI KRISHNA M,9,2026,2026-09-28T10:00:00Z,30,0,7100,100.0,500,0,0,100,150,0.0,7600,250.0,7350.0,,Hubli- Keshwapur,Hubli- Keshwapur
slip_202609_010,EMP0337805,FRANCIS JOKIM ZALAKI,9,2026,2026-09-28T10:00:00Z,27,3,17800,90.0,1200,0,0,0,150,1780.0,19000,1930.0,17070.0,,Hubli- Keshwapur,Hubli- Keshwapur
slip_202609_011,EMP0366290,SAIF DADAPEER H,9,2026,2026-09-28T10:00:00Z,28,2,7900,93.33,550,0,0,300,150,526.67,8450,976.67,7473.33,,Hubli- Keshwapur,Hubli- Keshwapur
slip_202609_012,EMP0020802,BASAVARAJ LAKSHMAPPA TALAWAR,9,2026,2026-09-28T10:00:00Z,30,0,18300,100.0,1350,0,0,0,150,0.0,19650,150.0,19500.0,,Hubli- Keshwapur,Hubli- Keshwapur
slip_202609_013,EMP0023265,MAHESH N CHITTUMBAL,9,2026,2026-09-28T10:00:00Z,28,2,17800,93.33,1450,0,0,200,150,1186.67,19250,1536.67,17713.33,,Hubli- Keshwapur,Hubli- Keshwapur
slip_202609_014,EMP0434735,KALMESHWARAYYA SHIDDAYYA HIREMATH,9,2026,2026-09-28T10:00:00Z,27,3,18300,90.0,1550,0,0,300,150,1830.0,19850,2280.0,17570.0,,Hubli- Keshwapur,Hubli- Keshwapur
slip_202609_015,EMP1017160,SANDEEP M,9,2026,2026-09-28T10:00:00Z,30,0,7100,100.0,600,0,0,0,150,0.0,7700,150.0,7550.0,,Hubli- Keshwapur,Hubli- Keshwapur
slip_202609_016,EMP0177461,JAYIDALI NADAF,9,2026,2026-09-28T10:00:00Z,30,0,18300,100.0,1300,0,0,0,150,0.0,19600,150.0,19450.0,,Hubli- Keshwapur,Hubli- Keshwapur
slip_202609_017,EMP1008923,MOHAMMED WAJID,9,2026,2026-09-28T10:00:00Z,30,0,13700,100.0,1000,0,0,200,150,0.0,14700,350.0,14350.0,,Hubli- Keshwapur,Hubli- Keshwapur
slip_202609_018,EMP0909154,DEVARAJ,9,2026,2026-09-28T10:00:00Z,30,0,14750,100.0,1100,0,0,300,150,0.0,15850,450.0,15400.0,,Hubli- Keshwapur,Hubli- Keshwapur
slip_202609_019,EMP0993967,SHIVANAGOUDA NADAVINAMANI,9,2026,2026-09-28T10:00:00Z,30,0,13700,100.0,1050,0,0,200,150,0.0,14750,350.0,14400.0,,Hubli- Keshwapur,Hubli- Keshwapur
slip_202609_020,EMP0268853,SACHIN ANAND LAMANI,9,2026,2026-09-28T10:00:00Z,28,2,18800,93.33,1300,0,0,2500,150,1253.33,20100,3903.33,16196.67,Additional deduction applied,Hubli- Keshwapur,Hubli- Keshwapur
